date,matchup,pick,win_prob,p_home_win,pred_margin,vegas_line,expected_qbs,early_prediction,game_id
2026-09-24,ATL @ GB,GB,0.713,0.713,GB by 7.2,GB -4.5,Tua Tagovailoa @ Jordan Love,False,2026_03_ATL_GB
2026-09-27,ARI @ SF,SF,0.809,0.809,SF by 11.6,SF -8.5,Jacoby Brissett @ Brock Purdy,False,2026_03_ARI_SF
2026-09-27,LAC @ BUF,BUF,0.799,0.799,BUF by 10.9,BUF -7,Justin Herbert @ Josh Allen,False,2026_03_LAC_BUF
2026-09-27,NYJ @ DET,DET,0.718,0.718,DET by 7.2,DET -6.5,Geno Smith @ Jared Goff,False,2026_03_NYJ_DET
2026-09-27,SEA @ WAS,SEA,0.702,0.298,SEA by 6.7,SEA -7,Drew Lock @ Jayden Daniels,False,2026_03_SEA_WAS
2026-09-27,KC @ MIA,KC,0.685,0.315,KC by 6.5,KC -11.5,Patrick Mahomes @ Malik Willis,False,2026_03_KC_MIA
2026-09-27,TEN @ NYG,NYG,0.66,0.66,NYG by 5.1,NYG -2.5,Cam Ward @ Jaxson Dart,False,2026_03_TEN_NYG
2026-09-27,BAL @ DAL,BAL,0.621,0.379,BAL by 4.4,BAL -3.5,Lamar Jackson @ Dak Prescott,False,2026_03_BAL_DAL
2026-09-27,LV @ NO,NO,0.6,0.6,NO by 3.3,NO -3,Kirk Cousins @ Tyler Shough,False,2026_03_LV_NO
2026-09-27,NE @ JAX,JAX,0.577,0.577,JAX by 2.7,JAX -3,Drake Maye @ Trevor Lawrence,False,2026_03_NE_JAX
2026-09-27,LA @ DEN,LA,0.561,0.439,LA by 2.2,LA -2.5,Matthew Stafford @ Bo Nix,False,2026_03_LA_DEN
2026-09-27,HOU @ IND,HOU,0.548,0.452,HOU by 1.6,HOU -3,C.J. Stroud @ Daniel Jones,False,2026_03_HOU_IND
2026-09-27,MIN @ TB,MIN,0.532,0.468,MIN by 0.8,MIN -1.5,Carson Wentz @ Baker Mayfield,False,2026_03_MIN_TB
2026-09-27,CAR @ CLE,CAR,0.523,0.477,CAR by 0.8,CAR -2.5,Bryce Young @ Deshaun Watson,False,2026_03_CAR_CLE
2026-09-27,CIN @ PIT,CIN,0.518,0.482,CIN by 0.5,CIN -3.5,Joe Burrow @ Aaron Rodgers,False,2026_03_CIN_PIT
2026-09-28,PHI @ CHI,CHI,0.555,0.555,CHI by 2.2,PHI -4.5,Jalen Hurts @ Caleb Williams,False,2026_03_PHI_CHI
